No.,Player,Pos,Ht,Wt,Birth Date,,Exp,College
8,Luke Babbitt\babbilu01,SF,6/9,225,June 20 1989,us,7,University of Nevada Reno
24,Kent Bazemore\bazemke01,SG,6/5,201,July 1 1989,us,5,Old Dominion University
3,Marco Belinelli\belinma01,SG,6/5,210,March 25 1986,it,10,
95,DeAndre' Bembry\bembrde01,SF,6/6,210,July 4 1994,us,1,Saint Joseph's University
16,Nicolas Brussino\brussni01,SF,6/7,195,March 2 1993,ar,1,
34,Tyler Cavanaugh\cavanty01,PF,6/9,239,February 9 1994,us,R,George Washington University
0,Antonius Cleveland\clevean01,SG,6/6,195,February 2 1994,us,R,Southeast Missouri State University
20,John Collins\collijo01,PF,6/10,235,September 23 1997,us,R,Wake Forest University
14,Dewayne Dedmon\dedmode01,C,7/1,245,August 12 1989,us,4,University of Southern California
5,Malcolm Delaney\delanma01,PG,6/3,190,March 11 1989,us,1,Virginia Polytechnic Institute and State University
2,Tyler Dorsey\dorsety01,SG,6/5,183,February 14 1996,us,R,University of Oregon
6,Jeremy Evans\evansje01,SF,6/9,200,October 24 1987,us,6,Western Kentucky University
7,Ersan Ilyasova\ilyaser01,PF,6/10,235,May 15 1987,tr,9,
8,Damion Lee\leeda03,SG,6/6,210,October 21 1992,us,R,Drexel University University of Louisville
11,Josh Magette\magetjo01,PG,6/1,160,November 28 1989,us,R,Alabama - Huntsville
3,Jaylen Morris\morrija01,SG,6/5,185,September 19 1995,us,R,Molloy
31,Mike Muscala\muscami01,C,6/11,240,July 1 1991,us,4,Bucknell University
18,Miles Plumlee\plumlmi01,C,6/11,249,September 1 1988,us,5,Duke University
17,Dennis Schroder\schrode01,PG,6/1,172,September 15 1993,de,4,
22,Isaiah Taylor\taylois01,PG,6/3,170,July 11 1994,us,1,University of Texas at Austin
12,Taurean Waller-Prince\princta02,SF,6/8,220,March 22 1994,us,1,Baylor University
4,Andrew White\whitean01,SF,6/7,210,June 16 1993,us,R,University of Nebraska Syracuse University
45,Kadeem Allen\allenka01,PG,6/3,192,January 15 1993,us,R,University of Arizona
46,Aron Baynes\baynear01,C,6/10,260,December 9 1986,nz,5,Washington State University
26,Jabari Bird\birdja01,SG,6/6,197,July 3 1994,us,R,University of California
7,Jaylen Brown\brownja02,SG,6/7,225,October 24 1996,us,1,University of California
9,Jarell Eddie\eddieja01,SF,6/7,218,October 30 1991,us,2,Virginia Polytechnic Institute and State University
60,Jonathan Gibson\gibsojo01,PG,6/2,185,November 8 1987,us,1,New Mexico State University
20,Gordon Hayward\haywago01,SF,6/8,226,March 23 1990,us,7,Butler University
42,Al Horford\horfoal01,C,6/10,245,June 3 1986,do,10,University of Florida
11,Kyrie Irving\irvinky01,PG,6/3,193,March 23 1992,au,6,Duke University
8,Shane Larkin\larkish01,PG,5/11,175,October 2 1992,us,3,University of Miami
55,Greg Monroe\monrogr01,C,6/11,265,June 4 1990,us,7,Georgetown University
13,Marcus Morris\morrima03,PF,6/9,235,September 2 1989,us,6,University of Kansas
28,Abdel Nader\naderab01,SF,6/6,230,September 25 1993,eg,R,Northern Illinois University Iowa State University
37,Semi Ojeleye\ojelese01,PF,6/7,241,December 5 1994,us,R,Southern Methodist University
12,Terry Rozier\roziete01,PG,6/2,190,March 17 1994,us,2,University of Louisville
9,Xavier Silas\silasxa01,SG,6/5,205,January 22 1988,us,1,University of Colorado Northern Illinois University
36,Marcus Smart\smartma01,SG,6/4,220,March 6 1994,us,3,Oklahoma State University
0,Jayson Tatum\tatumja01,SF,6/8,205,March 3 1998,us,R,Duke University
27,Daniel Theis\theisda01,C,6/9,215,April 4 1992,de,R,
30,Guerschon Yabusele\yabusgu01,PF,6/7,260,December 17 1995,fr,R,
3,OG Anunoby\anunoog01,SF,6/8,232,July 17 1997,gb,R,Indiana University
4,Lorenzo Brown\brownlo01,PG,6/5,189,August 26 1990,us,3,North Carolina State University
5,Bruno Caboclo\cabocbr01,SF,6/9,218,September 21 1995,br,3,
10,DeMar DeRozan\derozde01,SG,6/7,221,August 7 1989,us,8,University of Southern California
2,Nigel Hayes\hayesni01,SF,6/8,254,December 16 1994,us,R,University of Wisconsin
9,Serge Ibaka\ibakase01,PF,6/10,235,September 18 1989,cg,8,
7,Kyle Lowry\lowryky01,PG,6/1,205,March 25 1986,us,11,Villanova University
34,Alfonzo McKinnie\mckinal01,SF,6/8,215,September 17 1992,us,R,University of Wisconsin-Green Bay
0,C.J. Miles\milescj01,SF,6/6,225,April 18 1987,us,12,
13,Malcolm Miller\millema01,SF,6/7,210,March 6 1993,us,R,College of the Holy Cross
92,Lucas Nogueira\noguelu01,C,7/1,241,July 26 1992,br,3,
42,Jakob Poeltl\poeltja01,C,7/1,248,October 15 1995,at,1,University of Utah
24,Norman Powell\powelno01,SG,6/4,215,May 25 1993,us,2,University of California Los Angeles
22,Malachi Richardson\richama01,SG,6/6,205,January 5 1996,us,1,Syracuse University
43,Pascal Siakam\siakapa01,PF,6/9,230,February 4 1994,cm,1,New Mexico State University
17,Jonas Valanciunas\valanjo01,C,7/1,265,May 6 1992,lt,5,
23,Fred VanVleet\vanvlfr01,PG,6/1,195,February 25 1994,us,1,Wichita State University
55,Delon Wright\wrighde01,PG,6/5,183,April 26 1992,us,2,University of Utah
1,Justin Anderson\anderju01,SF,6/6,228,November 19 1993,us,2,University of Virginia
0,Jerryd Bayless\bayleje01,SG,6/3,200,August 20 1988,us,9,University of Arizona
18,Marco Belinelli\belinma01,SG,6/5,210,March 25 1986,it,10,
35,Trevor Booker\booketr01,PF,6/8,228,November 25 1987,us,7,Clemson University
33,Robert Covington\covinro01,SF,6/9,215,December 14 1990,us,4,Tennessee State University
27,Larry Drew\drewla02,PG,6/2,180,March 5 1990,us,1,University of North Carolina University of California Los Angeles
21,Joel Embiid\embiijo01,C,7/1,250,March 16 1994,cm,1,University of Kansas
20,Markelle Fultz\fultzma01,SG,6/4,195,May 29 1998,us,R,University of Washington
22,Richaun Holmes\holmeri01,C,6/10,245,October 15 1993,us,2,Bowling Green State University
23,Ersan Ilyasova\ilyaser01,PF,6/10,235,May 15 1987,tr,9,
11,Demetrius Jackson\jacksde01,PG,6/1,201,September 7 1994,us,1,University of Notre Dame
5,Amir Johnson\johnsam01,C,6/9,240,May 1 1987,us,12,
30,Furkan Korkmaz\korkmfu01,SG,6/7,185,July 24 1997,tr,R,
7,Timothe Luwawu-Cabarrot\luwawti01,SF,6/6,205,May 9 1995,fr,1,
14,James Michael McAdoo\mcadoja01,PF,6/9,230,January 4 1993,us,3,University of North Carolina
12,T.J. McConnell\mccontj01,PG,6/2,200,March 25 1992,us,2,Duquesne University University of Arizona
8,Jahlil Okafor\okafoja01,C,6/11,275,December 15 1995,us,2,Duke University
0,Jacob Pullen\pulleja01,PG,6/1,200,November 10 1989,us,R,Kansas State University
17,J.J. Redick\redicjj01,SG,6/4,190,June 24 1984,us,11,Duke University
9,Dario Saric\saricda01,PF,6/10,223,April 8 1994,hr,1,
25,Ben Simmons\simmobe01,PG,6/10,230,July 20 1996,au,R,Louisiana State University
11,Nik Stauskas\stausni01,SG,6/6,205,October 7 1993,ca,3,University of Michigan
8,James Young\youngja01,SG,6/6,215,August 16 1995,us,3,University of Kentucky
31,Ron Baker\bakerro01,SG,6/4,220,March 30 1993,us,1,Wichita State University
8,Michael Beasley\beaslmi01,PF,6/9,235,January 9 1989,us,9,Kansas State University
23,Trey Burke\burketr01,PG,6/1,191,November 12 1992,us,4,University of Michigan
21,Damyean Dotson\dotsoda01,SG,6/6,205,May 6 1994,us,R,University of Oregon University of Houston
3,Tim Hardaway\hardati02,SG,6/6,205,March 16 1992,us,4,University of Michigan
14,Willy Hernangomez\hernawi01,C,6/11,240,May 27 1994,es,1,
4,Isaiah Hicks\hicksis01,PF,6/9,233,July 24 1994,us,R,University of North Carolina
55,Jarrett Jack\jackja01,PG,6/3,200,October 28 1983,us,12,Georgia Institute of Technology
0,Enes Kanter\kanteen01,C,6/11,245,May 20 1992,ch,6,
2,Luke Kornet\kornelu01,PF,7/1,250,July 15 1995,us,R,Vanderbilt University
91,Mindaugas Kuzminskas\kuzmimi01,SF,6/9,215,October 19 1989,lt,1,
5,Courtney Lee\leeco01,SG,6/5,200,October 3 1985,us,9,Western Kentucky University
20,Doug McDermott\mcderdo01,SF,6/8,225,January 3 1992,us,3,Creighton University
1,Emmanuel Mudiay\mudiaem01,PG,6/5,200,March 5 1996,cd,2,
13,Joakim Noah\noahjo01,C,6/11,230,February 25 1985,us,10,University of Florida
11,Frank Ntilikina\ntilila01,PG,6/5,190,July 28 1998,be,R,
9,Kyle O'Quinn\oquinky01,C,6/10,250,March 26 1990,us,5,Norfolk State University
6,Kristaps Porzingis\porzikr01,PF,7/3,240,August 2 1995,lv,2,
1,Ramon Sessions\sessira01,PG,6/3,190,April 11 1986,us,10,University of Nevada Reno
42,Lance Thomas\thomala01,PF,6/8,235,April 24 1988,us,6,Duke University
0,Troy Williams\willitr02,SF,6/7,218,December 30 1994,us,1,Indiana University
13,Quincy Acy\acyqu01,PF,6/7,240,October 6 1990,us,5,Baylor University
31,Jarrett Allen\allenja01,C,6/10,234,April 21 1998,us,R,University of Texas at Austin
35,Trevor Booker\booketr01,PF,6/8,228,November 25 1987,us,7,Clemson University
9,DeMarre Carroll\carrode01,SF,6/8,215,July 27 1986,us,8,Vanderbilt University University of Missouri
33,Allen Crabbe\crabbal01,SG,6/6,210,April 9 1992,us,4,University of California
44,Dante Cunningham\cunnida01,SF,6/8,230,April 22 1987,us,8,Villanova University
8,Spencer Dinwiddie\dinwisp01,PG,6/6,200,April 6 1993,us,3,University of Colorado
14,Milton Doyle\doylemi01,SG,6/4,185,October 31 1993,us,R,Loyola University of Chicago
12,Joe Harris\harrijo01,SG,6/6,219,September 6 1991,us,3,University of Virginia
24,Rondae Hollis-Jefferson\holliro01,SF,6/7,220,January 3 1995,us,2,University of Arizona
6,Sean Kilpatrick\kilpase01,SG,6/4,210,January 6 1990,us,3,University of Cincinnati
22,Caris LeVert\leverca01,SF,6/7,203,August 25 1994,us,1,University of Michigan
7,Jeremy Lin\linje01,PG,6/3,200,August 23 1988,us,7,Harvard University
20,Timofey Mozgov\mozgoti01,C,7/1,275,July 16 1986,ru,7,
4,Jahlil Okafor\okafoja01,C,6/11,275,December 15 1995,us,2,Duke University
1,D'Angelo Russell\russeda01,PG,6/5,195,February 23 1996,us,2,Ohio State University
2,Nik Stauskas\stausni01,SG,6/6,205,October 7 1993,ca,3,University of Michigan
20,Rashad Vaughn\vaughra01,SG,6/6,202,August 16 1996,us,2,University of Nevada Las Vegas
0,James Webb\webbja01,SF,6/9,202,August 19 1993,us,R,Boise State University
15,Isaiah Whitehead\whiteis01,PG,6/4,213,March 8 1995,us,1,Seton Hall University
21,Jacob Wiley\wileyja01,PF,6/7,215,September 4 1994,us,R,Eastern Washington University
44,Tyler Zeller\zellety01,C,7/1,253,January 17 1990,us,5,University of North Carolina
8,Al-Farouq Aminu\aminual01,PF,6/9,220,September 21 1990,us,7,Wake Forest University
2,Wade Baldwin\baldwwa01,PG,6/4,202,March 29 1996,us,1,Vanderbilt University
33,Zach Collins\colliza01,C,7/1,232,November 19 1997,us,R,Gonzaga University
5,Pat Connaughton\connapa01,SG,6/5,206,January 6 1993,us,2,University of Notre Dame
17,Ed Davis\davised01,C,6/10,240,June 5 1989,us,7,University of North Carolina
4,Maurice Harkless\harklma01,SF,6/9,215,May 11 1993,us,5,St. John's University
10,Jake Layman\laymaja01,SF,6/9,210,March 7 1994,us,1,University of Maryland
11,Meyers Leonard\leoname01,C,7/1,245,February 27 1992,us,5,University of Illinois at Urbana-Champaign
0,Damian Lillard\lillada01,PG,6/3,195,July 15 1990,us,5,Weber State University
3,CJ McCollum\mccolcj01,SG,6/3,190,September 19 1991,us,4,Lehigh University
6,Shabazz Napier\napiesh01,PG,6/1,175,July 14 1991,us,3,University of Connecticut
27,Jusuf Nurkic\nurkiju01,C,7/1,280,August 23 1994,ba,3,
19,Georgios Papagiannis\papagge01,C,7/1,240,July 3 1997,gr,1,
50,Caleb Swanigan\swanica01,PF,6/8,250,April 18 1997,us,R,Purdue University
1,Evan Turner\turneev01,SF,6/7,220,October 27 1988,us,7,Ohio State University
21,Noah Vonleh\vonleno01,PF,6/10,240,August 24 1995,us,3,Indiana University
8,Alex Abrines\abrinal01,SG,6/6,190,August 1 1993,es,1,
12,Steven Adams\adamsst01,C,7/1,255,July 20 1993,nz,4,University of Pittsburgh
7,Carmelo Anthony\anthoca01,PF,6/8,240,May 29 1984,us,14,Syracuse University
3,Corey Brewer\breweco01,SG,6/9,186,March 5 1986,us,10,University of Florida
4,Nick Collison\collini01,PF,6/10,255,October 26 1980,us,13,University of Kansas
35,PJ Dozier\doziepj01,PG,6/7,201,October 25 1996,us,R,University of South Carolina
2,Raymond Felton\feltora01,PG,6/1,205,June 26 1984,us,12,University of North Carolina
23,Terrance Ferguson\fergute01,SG,6/7,184,May 17 1998,us,R,
13,Paul George\georgpa01,SF,6/9,220,May 2 1990,us,7,California State University Fresno
9,Jerami Grant\grantje01,PF,6/8,210,March 12 1994,us,3,Syracuse University
25,Daniel Hamilton\hamilda02,SG,6/7,195,August 8 1995,us,R,University of Connecticut
34,Josh Huestis\huestjo01,PF,6/7,230,December 19 1991,us,2,Stanford University
44,Dakari Johnson\johnsda04,C,7/1,255,September 22 1995,us,R,University of Kentucky
54,Patrick Patterson\pattepa01,PF,6/9,230,March 14 1989,us,7,University of Kentucky
21,Andre Roberson\roberan03,SG,6/7,210,December 4 1991,us,4,University of Colorado
15,Kyle Singler\singlky01,SF,6/8,228,May 4 1988,us,5,Duke University
0,Russell Westbrook\westbru01,PG,6/3,200,November 12 1988,us,9,University of California Los Angeles
13,Tony Bradley\bradlto01,C,6/11,240,January 8 1998,us,R,University of North Carolina
10,Alec Burks\burksal01,SG,6/6,214,July 20 1991,us,6,University of Colorado
99,Jae Crowder\crowdja01,SF,6/6,235,July 6 1990,us,5,Marquette University
11,Dante Exum\exumda01,PG,6/6,190,July 13 1995,au,2,
15,Derrick Favors\favorde01,C,6/10,265,July 15 1991,us,7,Georgia Institute of Technology
27,Rudy Gobert\goberru01,C,7/1,245,June 26 1992,fr,4,
5,Rodney Hood\hoodro01,SG,6/8,206,October 20 1992,us,3,Mississippi State University Duke University
2,Joe Ingles\inglejo01,SF,6/8,226,October 2 1987,au,3,
8,Jonas Jerebko\jerebjo01,PF,6/10,231,March 2 1987,se,7,
6,Joe Johnson\johnsjo02,SF,6/7,240,June 29 1981,us,16,University of Arkansas
21,Erik McCree\mccreer01,SF,6/8,225,December 20 1993,us,R,Louisiana Tech University
45,Donovan Mitchell\mitchdo01,SG,6/3,211,September 7 1996,us,R,University of Louisville
30,Naz Mitrou-Long\mitrona01,SG,6/4,209,August 3 1993,ca,R,Iowa State University
25,Raul Neto\netora01,PG,6/1,179,May 19 1992,br,2,
31,Georges Niang\niangge01,PF,6/8,230,June 17 1993,us,1,Iowa State University
23,Royce O'Neale\onealro01,SF,6/6,215,June 5 1993,us,R,Baylor University
3,Ricky Rubio\rubiori01,PG,6/4,194,October 21 1990,es,6,
22,Thabo Sefolosha\sefolth01,SF,6/7,220,May 2 1984,ch,11,
5,David Stockton\stockda01,PG,5/11,165,June 24 1991,us,1,Gonzaga University
33,Ekpe Udoh\udohek01,C,6/10,240,May 20 1987,us,5,University of Michigan Baylor University
16,Nate Wolters\woltena01,PG,6/4,190,May 15 1991,us,2,South Dakota State University
45,Cole Aldrich\aldrico01,C,6/11,250,October 31 1988,us,7,University of Kansas
8,Nemanja Bjelica\bjeline01,PF,6/10,240,May 9 1988,rs,2,
30,Aaron Brooks\brookaa01,PG,6/1,161,January 14 1985,us,9,University of Oregon
3,Anthony Brown\brownan02,SF,6/7,210,October 10 1992,us,2,Stanford University
23,Jimmy Butler\butleji01,SG,6/8,236,September 14 1989,us,6,Marquette University
11,Jamal Crawford\crawfja01,SG,6/5,200,March 20 1980,us,17,University of Michigan
5,Gorgui Dieng\dienggo01,C,6/11,241,January 18 1990,sn,4,University of Louisville
13,Marcus Georges-Hunt\georgma01,SG,6/5,216,March 28 1994,us,1,Georgia Institute of Technology
67,Taj Gibson\gibsota01,PF,6/9,225,June 24 1985,us,8,University of Southern California
1,Tyus Jones\jonesty01,PG,6/2,195,May 10 1996,us,2,Duke University
15,Shabazz Muhammad\muhamsh01,SF,6/6,223,November 13 1992,us,4,University of California Los Angeles
24,Justin Patton\pattoju01,C,6/11,229,June 14 1997,us,R,Creighton University
25,Derrick Rose\rosede01,PG,6/3,190,October 4 1988,us,8,University of Memphis
0,Jeff Teague\teaguje01,PG,6/2,186,June 10 1988,us,8,Wake Forest University
32,Karl-Anthony Towns\townska01,C,7/1,244,November 15 1995,us,2,University of Kentucky
22,Andrew Wiggins\wiggian01,SF,6/8,199,February 23 1995,ca,3,University of Kansas
0,Darrell Arthur\arthuda01,PF,6/9,235,March 25 1988,us,8,University of Kansas
5,Will Barton\bartowi01,SG,6/6,175,January 6 1991,us,5,University of Memphis
25,Malik Beasley\beaslma01,SG,6/5,196,November 26 1996,us,1,Florida State University
21,Wilson Chandler\chandwi01,SF,6/8,225,May 10 1987,us,9,DePaul University
3,Torrey Craig\craigto01,SF,6/6,215,December 19 1990,us,R,University of South Carolina Upstate
35,Kenneth Faried\farieke01,PF,6/8,228,November 19 1989,us,6,Morehead State University
34,Devin Harris\harride01,PG,6/3,192,February 27 1983,us,13,University of Wisconsin
14,Gary Harris\harriga01,SG,6/4,210,September 14 1994,us,3,Michigan State University
41,Juan Hernangomez\hernaju01,PF,6/9,230,September 28 1995,es,1,
22,Richard Jefferson\jefferi01,SF,6/7,233,June 21 1980,us,16,University of Arizona
15,Nikola Jokic\jokicni01,C,6/10,250,February 19 1995,rs,2,
20,Tyler Lydon\lydonty01,PF,6/10,215,April 9 1996,us,R,Syracuse University
7,Trey Lyles\lylestr01,PF,6/10,234,November 5 1995,ca,2,University of Kentucky
4,Paul Millsap\millspa01,PF,6/8,246,February 10 1985,us,11,Louisiana Tech University
11,Monte Morris\morrimo01,PG,6/3,175,June 27 1995,us,R,Iowa State University
0,Emmanuel Mudiay\mudiaem01,PG,6/5,200,March 5 1996,cd,2,
27,Jamal Murray\murraja01,PG,6/4,207,February 23 1997,ca,1,University of Kentucky
24,Mason Plumlee\plumlma01,C,6/11,245,March 5 1990,us,4,Duke University
81,Jose Calderon\caldejo01,PG,6/3,200,September 28 1981,es,12,
8,Jordan Clarkson\clarkjo01,SG,6/5,194,June 7 1992,us,3,University of Tulsa University of Missouri
99,Jae Crowder\crowdja01,SF,6/6,235,July 6 1990,us,5,Marquette University
8,Channing Frye\fryech01,C,6/11,255,May 17 1983,us,11,University of Arizona
32,Jeff Green\greenje02,PF,6/9,235,August 28 1986,us,9,Georgetown University
3,George Hill\hillge01,PG,6/3,188,May 4 1986,us,9,Indiana University-Purdue University Indianapolis
10,John Holland\hollajo02,SF,6/5,205,November 6 1988,us,R,Boston University
1,Rodney Hood\hoodro01,SG,6/8,206,October 20 1992,us,3,Mississippi State University Duke University
23,LeBron James\jamesle01,PF,6/8,250,December 30 1984,us,14,
26,Kyle Korver\korveky01,SG,6/7,212,March 17 1981,us,14,Creighton University
0,Kevin Love\loveke01,C,6/10,251,September 7 1988,us,9,University of California Los Angeles
22,Larry Nance\nancela02,C,6/9,230,January 1 1993,us,2,University of Wyoming
16,Cedi Osman\osmande01,SF,6/8,210,April 8 1995,mk,R,
21,Kendrick Perkins\perkike01,C,6/10,270,November 10 1984,us,13,
15,London Perrantes\perralo01,PG,6/2,200,October 3 1994,us,R,University of Virginia
1,Derrick Rose\rosede01,PG,6/3,190,October 4 1988,us,8,University of Memphis
4,Iman Shumpert\shumpim01,SG,6/5,220,June 26 1990,us,6,Georgia Institute of Technology
5,J.R. Smith\smithjr01,SG,6/6,225,September 9 1985,us,13,
3,Isaiah Thomas\thomais02,PG,5/9,185,February 7 1989,us,6,University of Washington
13,Tristan Thompson\thomptr01,C,6/9,238,March 13 1991,ca,6,University of Texas at Austin
9,Dwyane Wade\wadedw01,SG,6/4,220,January 17 1982,us,14,Marquette University
41,Ante Zizic\zizican01,C,6/11,250,January 4 1997,hr,R,
13,Ike Anigbogu\anigbik01,C,6/10,252,October 22 1998,us,R,University of California Los Angeles
44,Bojan Bogdanovic\bogdabo02,SF,6/8,216,April 18 1989,ba,3,
20,Trevor Booker\booketr01,PF,6/8,228,November 25 1987,us,7,Clemson University
2,Darren Collison\collida01,PG,6/1,175,August 23 1987,us,8,University of California Los Angeles
25,Al Jefferson\jeffeal01,C,6/10,289,January 4 1985,us,13,
6,Cory Joseph\josepco01,PG,6/3,193,August 20 1991,ca,6,University of Texas at Austin
22,T.J. Leaf\leaftj01,PF,6/10,222,April 30 1997,il,R,University of California Los Angeles
10,Trey McKinney-Jones\mckintr01,SG,6/5,214,August 27 1990,us,R,University of Miami
26,Ben Moore\moorebe01,PF,6/7,203,May 13 1995,us,R,Southern Methodist University
4,Victor Oladipo\oladivi01,SG,6/4,210,May 4 1992,us,4,Indiana University
0,Alex Poythress\poythal01,PF,6/7,238,September 6 1993,us,1,University of Kentucky
40,Glenn Robinson\robingl02,SF,6/6,222,January 8 1994,us,3,University of Michigan
11,Domantas Sabonis\sabondo01,C,6/11,240,May 3 1996,us,1,Gonzaga University
1,Lance Stephenson\stephla01,SG,6/5,230,September 5 1990,us,7,University of Cincinnati
5,Edmond Sumner\sumneed01,PG,6/6,176,December 31 1995,us,R,Xavier University
33,Myles Turner\turnemy01,C,6/11,243,March 24 1996,us,2,University of Texas at Austin
12,Damien Wilkins\wilkida02,SF,6/6,225,January 11 1980,us,9,North Carolina State University University of Georgia
3,Joe Young\youngjo01,PG,6/2,180,June 27 1992,us,2,University of Houston University of Oregon
21,Thaddeus Young\youngth01,PF,6/8,221,June 21 1988,us,10,Georgia Institute of Technology
34,Giannis Antetokounmpo\antetgi01,PF,6/11,222,December 6 1994,gr,4,
6,Eric Bledsoe\bledser01,PG,6/1,205,December 9 1989,us,7,University of Kentucky
24,Joel Bolomboy\bolomjo01,PF,6/9,235,January 28 1994,ua,1,Weber State University
13,Malcolm Brogdon\brogdma01,PG,6/5,215,December 11 1992,us,1,University of Virginia
23,Sterling Brown\brownst02,SG,6/5,225,February 10 1995,us,R,Southern Methodist University
8,Matthew Dellavedova\dellama01,PG,6/4,198,September 8 1990,au,4,Saint Mary's College of California
31,John Henson\hensojo01,C,6/11,229,December 28 1990,us,5,University of North Carolina
11,Brandon Jennings\jennibr01,PG,6/1,170,September 23 1989,us,8,
9,Sean Kilpatrick\kilpase01,SG,6/4,210,January 6 1990,us,3,University of Cincinnati
25,DeAndre Liggins\liggide01,SG,6/6,209,March 31 1988,us,4,University of Kentucky
7,Thon Maker\makerth01,C,7/1,216,February 25 1997,ss,1,
22,Khris Middleton\middlkh01,SF,6/8,234,August 12 1991,us,5,Texas A&M University
15,Greg Monroe\monrogr01,C,6/11,265,June 4 1990,us,7,Georgetown University
15,Shabazz Muhammad\muhamsh01,SG,6/6,223,November 13 1992,us,4,University of California Los Angeles
0,Xavier Munford\munfoxa02,SG,6/2,180,June 1 1992,us,1,University of Rhode Island
12,Jabari Parker\parkeja01,PF,6/8,250,March 15 1995,us,3,Duke University
0,Gary Payton\paytoga02,PG,6/3,190,December 1 1992,us,1,Oregon State University
40,Marshall Plumlee\plumlma02,C,7/1,250,July 14 1992,us,1,Duke University
21,Tony Snell\snellto01,SG,6/7,200,November 10 1991,us,4,University of New Mexico
35,Mirza Teletovic\teletmi01,PF,6/9,242,September 18 1985,ba,5,
3,Jason Terry\terryja01,SG,6/2,185,September 15 1977,us,18,University of Arizona
20,Rashad Vaughn\vaughra01,SG,6/6,202,August 16 1996,us,2,University of Nevada Las Vegas
5,D.J. Wilson\wilsodj01,PF,6/10,234,February 19 1996,us,R,University of Michigan
44,Tyler Zeller\zellety01,C,7/1,253,January 17 1990,us,5,University of North Carolina
22,Avery Bradley\bradlav01,SG,6/2,180,November 26 1990,us,7,University of Texas at Austin
25,Reggie Bullock\bullore01,SF,6/7,205,March 16 1991,us,4,University of North Carolina
20,Dwight Buycks\buyckdw01,PG,6/3,190,March 6 1989,us,2,Marquette University
0,Andre Drummond\drumman01,C,6/11,279,August 10 1993,us,5,University of Connecticut
8,Henry Ellenson\ellenhe01,PF,6/11,245,January 13 1997,us,1,Marquette University
33,James Ennis\ennisja01,SF,6/7,210,July 1 1990,us,3,California State University Long Beach
22,Kay Felder\feldeka01,PG,5/9,176,March 29 1995,us,1,Oakland University
9,Langston Galloway\gallola01,SG,6/2,200,December 9 1991,us,3,Saint Joseph's University
23,Blake Griffin\griffbl01,PF,6/10,251,March 16 1989,us,7,University of Oklahoma
34,Tobias Harris\harrito02,PF,6/9,235,July 15 1992,us,6,University of Tennessee
38,Reggie Hearn\hearnre01,SG,6/5,210,August 14 1991,us,R,Northwestern University
1,Reggie Jackson\jacksre01,PG,6/3,208,April 16 1990,it,6,Boston College
7,Stanley Johnson\johnsst04,SF,6/7,245,May 29 1996,us,2,University of Arizona
5,Luke Kennard\kennalu01,SG,6/6,206,June 24 1996,us,R,Duke University
30,Jon Leuer\leuerjo01,PF,6/10,228,May 14 1989,us,6,University of Wisconsin
51,Boban Marjanovic\marjabo01,C,7/3,290,August 15 1988,rs,2,
44,Luis Montero\montelu01,SG,6/7,185,April 6 1993,do,1,Westchester CC
24,Eric Moreland\moreler01,PF,6/10,238,December 24 1991,us,2,Oregon State University
41,Jameer Nelson\nelsoja01,PG,6/1,190,February 9 1982,us,13,Saint Joseph's University
33,Willie Reed\reedwi02,C,6/10,220,May 16 1990,us,2,Saint Louis University
14,Ish Smith\smithis01,PG,6/1,175,July 5 1988,us,7,Wake Forest University
43,Anthony Tolliver\tollian01,PF,6/8,240,June 1 1985,us,9,Creighton University
15,Ryan Arcidiacono\arcidry01,PG,6/3,188,March 26 1994,us,R,Villanova University
3,Omer Asik\asikom01,C,7/1,255,July 4 1986,tr,7,
9,Antonio Blakeney\blakean01,SG,6/4,197,October 4 1996,us,R,Louisiana State University
32,Kris Dunn\dunnkr01,PG,6/4,210,March 18 1994,us,1,Providence College
31,Jarell Eddie\eddieja01,SF,6/7,218,October 30 1991,us,2,Virginia Polytechnic Institute and State University
3,Kay Felder\feldeka01,PG,5/9,176,March 29 1995,us,1,Oakland University
6,Cristiano Felicio\feliccr01,C,6/10,275,July 7 1992,br,2,
2,Jerian Grant\grantje02,PG,6/4,195,October 9 1992,us,2,University of Notre Dame
7,Justin Holiday\holidju01,SG,6/6,185,April 5 1989,us,4,University of Washington
0,Sean Kilpatrick\kilpase01,SG,6/4,210,January 6 1990,us,3,University of Cincinnati
8,Zach LaVine\lavinza01,SG,6/5,189,March 10 1995,us,3,University of California Los Angeles
42,Robin Lopez\lopezro01,C,7/1,255,April 1 1988,us,9,Stanford University
24,Lauri Markkanen\markkla01,PF,7/1,230,May 22 1997,fi,R,University of Arizona
44,Nikola Mirotic\mirotni01,PF,6/10,220,February 11 1991,me,3,
11,David Nwaba\nwabada01,SG,6/4,209,January 14 1993,us,1,California Polytechnic State University San Luis Obispo
22,Cameron Payne\payneca01,PG,6/3,185,August 8 1994,us,2,Murray State University
20,Quincy Pondexter\pondequ01,SF,6/7,220,March 10 1988,us,5,University of Washington
5,Bobby Portis\portibo01,PF,6/11,230,February 10 1995,us,2,University of Arkansas
45,Denzel Valentine\valende01,SG,6/6,212,November 16 1993,us,1,Michigan State University
30,Noah Vonleh\vonleno01,PF,6/10,240,August 24 1995,us,3,Indiana University
16,Paul Zipser\zipsepa01,SF,6/8,215,February 18 1994,de,1,
2,Jordan Bell\belljo01,C,6/9,224,January 7 1995,us,R,University of Oregon
25,Chris Boucher\bouchch01,PF,6/10,182,January 11 1993,lc,R,University of Oregon
18,Omri Casspi\casspom01,SF,6/9,225,June 22 1988,il,8,
4,Quinn Cook\cookqu01,PG,6/2,184,March 23 1993,us,1,Duke University
30,Stephen Curry\curryst01,PG,6/3,190,March 14 1988,us,8,Davidson College
35,Kevin Durant\duranke01,PF,6/9,240,September 29 1988,us,10,University of Texas at Austin
23,Draymond Green\greendr01,PF,6/7,230,March 4 1990,us,5,Michigan State University
9,Andre Iguodala\iguodan01,SF,6/6,215,January 28 1984,us,13,University of Arizona
15,Damian Jones\jonesda03,C,7/1,245,June 30 1995,us,1,Vanderbilt University
34,Shaun Livingston\livinsh01,PG,6/7,192,September 11 1985,us,12,
5,Kevon Looney\looneke01,C,6/9,220,February 6 1996,us,2,University of California Los Angeles
0,Patrick McCaw\mccawpa01,SG,6/7,185,October 25 1995,us,1,University of Nevada Las Vegas
1,JaVale McGee\mcgeeja01,C,7/1,270,January 19 1988,us,9,University of Nevada Reno
27,Zaza Pachulia\pachuza01,C,6/11,270,February 10 1984,ge,14,
11,Klay Thompson\thompkl01,SG,6/7,215,February 8 1990,us,6,Washington State University
3,David West\westda01,C,6/9,250,August 29 1980,us,14,Xavier University
6,Nick Young\youngni01,SG,6/7,210,June 1 1985,us,10,University of Southern California
21,Patrick Beverley\beverpa01,SG,6/1,185,July 12 1988,us,5,University of Arkansas
11,Avery Bradley\bradlav01,SG,6/2,180,November 26 1990,us,7,University of Texas at Austin
7,Sam Dekker\dekkesa01,PF,6/9,230,May 6 1994,us,2,University of Wisconsin
1,Jawun Evans\evansja01,PG,6/1,185,July 26 1996,us,R,Oklahoma State University
8,Danilo Gallinari\gallida01,SF,6/10,225,August 8 1988,it,8,
32,Blake Griffin\griffbl01,PF,6/10,251,March 16 1989,us,7,University of Oklahoma
5,Montrezl Harrell\harremo01,C,6/8,240,January 26 1994,us,2,University of Louisville
34,Tobias Harris\harrito02,PF,6/9,235,July 15 1992,us,6,University of Tennessee
11,Brice Johnson\johnsbr02,PF,6/10,230,June 27 1994,us,1,University of North Carolina
33,Wesley Johnson\johnswe01,SF,6/7,215,July 11 1987,us,7,Iowa State University Syracuse University
6,DeAndre Jordan\jordade01,C,6/11,265,July 21 1988,us,9,Texas A&M University
2,Sean Kilpatrick\kilpase01,SG,6/4,210,January 6 1990,us,3,University of Cincinnati
51,Boban Marjanovic\marjabo01,C,7/3,290,August 15 1988,rs,2,
35,Willie Reed\reedwi02,C,6/10,220,May 16 1990,us,2,Saint Louis University
25,Austin Rivers\riverau01,SG,6/4,200,August 1 1992,us,5,Duke University
4,Milos Teodosic\teodomi01,PG,6/5,196,March 19 1987,rs,R,
0,Sindarius Thornwell\thornsi01,SG,6/5,212,November 15 1994,us,R,University of South Carolina
12,Tyrone Wallace\wallaty01,PG,6/5,205,June 10 1994,us,R,University of California
9,C.J. Williams\willicj01,SG,6/5,225,February 6 1990,us,R,North Carolina State University
23,Lou Williams\willilo02,SG,6/1,175,October 27 1986,us,12,
13,Jamil Wilson\wilsoja02,SF,6/7,230,November 21 1990,us,R,University of Oregon Marquette University
2,Lonzo Ball\balllo01,PG,6/6,190,October 27 1997,us,R,University of California Los Angeles
17,Vander Blue\blueva01,SG,6/4,200,July 17 1992,us,2,Marquette University
66,Andrew Bogut\bogutan01,C,7/1,260,November 28 1984,au,12,University of Utah
3,Corey Brewer\breweco01,SF,6/9,186,March 5 1986,us,10,University of Florida
31,Thomas Bryant\bryanth01,C,6/10,248,July 31 1997,us,R,Indiana University
1,Kentavious Caldwell-Pope\caldwke01,SG,6/5,205,February 18 1993,us,4,University of Georgia
4,Alex Caruso\carusal01,PG,6/5,186,February 28 1994,us,R,Texas A&M University
6,Jordan Clarkson\clarkjo01,SG,6/5,194,June 7 1992,us,3,University of Tulsa University of Missouri
9,Luol Deng\denglu01,SF,6/9,220,April 16 1985,ss,13,Duke University
10,Tyler Ennis\ennisty01,PG,6/3,194,August 24 1994,ca,3,Syracuse University
12,Channing Frye\fryech01,C,6/11,255,May 17 1983,us,11,University of Arizona
5,Josh Hart\hartjo01,SG,6/5,209,March 6 1995,us,R,Villanova University
15,Nigel Hayes\hayesni01,SF,6/8,254,December 16 1994,us,R,University of Wisconsin
20,Andre Ingram\ingraan01,SG,6/3,190,November 19 1985,us,R,American University
14,Brandon Ingram\ingrabr01,SF,6/9,190,September 2 1997,us,1,Duke University
0,Kyle Kuzma\kuzmaky01,PF,6/9,220,July 24 1995,us,R,University of Utah
11,Brook Lopez\lopezbr01,C,7/1,275,April 1 1988,us,9,Stanford University
7,Larry Nance\nancela02,C,6/9,230,January 1 1993,us,2,University of Wyoming
23,Gary Payton\paytoga02,PG,6/3,190,December 1 1992,us,1,Oregon State University
30,Julius Randle\randlju01,C,6/9,250,November 29 1994,us,3,University of Kentucky
3,Isaiah Thomas\thomais02,PG,5/9,185,February 7 1989,us,6,University of Washington
21,Travis Wear\weartr01,SF,6/10,230,September 21 1990,us,1,University of North Carolina University of California Los Angeles
6,Derrick Williams\willide02,PF,6/8,240,May 25 1991,us,6,University of Arizona
40,Ivica Zubac\zubaciv01,C,7/1,265,March 18 1997,ba,1,
8,Bogdan Bogdanovic\bogdabo01,SG,6/6,205,August 18 1992,rs,R,
22,Bruno Caboclo\cabocbr01,SF,6/9,218,September 21 1995,br,3,
15,Vince Carter\cartevi01,SF,6/6,220,January 26 1977,us,19,University of North Carolina
0,Willie Cauley-Stein\caulewi01,C,7/1,240,August 18 1993,us,2,University of Kentucky
45,Jack Cooley\cooleja01,PF,6/9,260,April 4 1991,us,1,University of Notre Dame
5,De'Aaron Fox\foxde01,PG,6/3,170,December 20 1997,us,R,University of Kentucky
40,Nigel Hayes\hayesni01,SF,6/8,254,December 16 1994,us,R,University of Wisconsin
24,Buddy Hield\hieldbu01,SG,6/4,214,December 17 1993,bs,1,University of Oklahoma
3,George Hill\hillge01,PG,6/3,188,May 4 1986,us,9,Indiana University-Purdue University Indianapolis
25,Justin Jackson\jacksju01,SF,6/8,200,March 28 1995,us,R,University of North Carolina
41,Kosta Koufos\koufoko01,C,7/1,265,February 24 1989,us,9,Ohio State University
7,Skal Labissiere\labissk01,PF,6/11,225,March 18 1996,ht,1,University of Kentucky
10,Frank Mason\masonfr01,PG,6/1,189,April 3 1994,us,R,University of Kansas
13,Georgios Papagiannis\papagge01,C,7/1,240,July 3 1997,gr,1,
50,Zach Randolph\randoza01,PF,6/9,260,July 16 1981,us,16,Michigan State University
23,Malachi Richardson\richama01,SG,6/6,205,January 5 1996,us,1,Syracuse University
29,JaKarr Sampson\sampsja02,SF,6/9,214,March 20 1993,us,2,St. John's University
17,Garrett Temple\templga01,SG,6/6,195,May 8 1986,us,7,Louisiana State University
35,Dragan Bender\bendedr01,PF,7/1,225,November 17 1997,ba,1,
2,Eric Bledsoe\bledser01,PG,6/1,205,December 9 1989,us,7,University of Kentucky
1,Devin Booker\bookede01,SG,6/6,206,October 30 1996,us,2,University of Kentucky
2,Isaiah Canaan\canaais01,PG,6/1,201,May 21 1991,us,4,Murray State University
4,Tyson Chandler\chandty01,C,7/1,240,October 2 1982,us,16,
0,Marquese Chriss\chrisma01,PF,6/10,233,July 2 1997,us,1,University of Washington
30,Troy Daniels\danietr01,SG,6/4,205,July 15 1991,us,4,Virginia Commonwealth University
3,Jared Dudley\dudleja01,PF,6/7,225,July 10 1985,us,10,Boston College
14,Josh Gray\grayjo01,PG,6/1,180,September 9 1993,us,R,Louisiana State University
10,Shaquille Harrison\harrish01,PG,6/4,190,October 6 1993,us,R,University of Tulsa
23,Danuel House\houseda01,SG,6/7,207,June 7 1993,us,1,Texas A&M University
20,Josh Jackson\jacksjo02,SF,6/8,207,February 10 1997,us,R,University of Kansas
55,Mike James\jamesmi02,PG,6/1,189,August 18 1990,us,R,Lamar University
10,Derrick Jones\jonesde02,SF,6/7,190,February 15 1997,us,1,University of Nevada Las Vegas
21,Alex Len\lenal01,C,7/1,260,June 16 1993,ua,4,University of Maryland
14,Greg Monroe\monrogr01,C,6/11,265,June 4 1990,us,7,Georgetown University
2,Elfrid Payton\paytoel01,PG,6/4,185,February 22 1994,us,3,University of Louisiana at Lafayette
25,Alec Peters\peteral01,PF,6/9,232,April 13 1995,us,R,Valparaiso University
32,Davon Reed\reedda01,SG,6/5,208,June 11 1995,us,R,University of Miami
8,Tyler Ulis\ulisty01,PG,5/10,150,January 5 1996,us,1,University of Kentucky
12,T.J. Warren\warretj01,SF,6/8,230,September 5 1993,us,3,North Carolina State University
15,Alan Williams\willial03,PF,6/8,260,January 28 1993,us,2,University of California Santa Barbara
13,Bam Adebayo\adebaba01,C,6/10,243,July 18 1997,us,R,University of Kentucky
22,Luke Babbitt\babbilu01,SF,6/9,225,June 20 1989,us,7,University of Nevada Reno
7,Goran Dragic\dragigo01,PG,6/3,190,May 6 1986,si,9,
2,Wayne Ellington\ellinwa01,SG,6/4,200,October 29 1987,us,8,University of North Carolina
40,Udonis Haslem\hasleud01,C,6/8,235,June 9 1980,us,14,University of Florida
16,James Johnson\johnsja01,PF,6/9,250,February 20 1987,us,8,Wake Forest University
8,Tyler Johnson\johnsty01,PG,6/4,186,May 7 1992,us,3,California State University Fresno
5,Derrick Jones\jonesde02,SF,6/7,190,February 15 1997,us,1,University of Nevada Las Vegas
17,Rodney McGruder\mcgruro01,SG,6/4,205,July 29 1991,us,1,Kansas State University
25,Jordan Mickey\mickejo01,PF,6/8,235,July 9 1994,us,2,Louisiana State University
9,Kelly Olynyk\olynyke01,PF,7/1,238,April 19 1991,ca,4,Gonzaga University
0,Josh Richardson\richajo01,SF,6/6,200,September 15 1993,us,2,University of Tennessee
3,Dwyane Wade\wadedw01,SG,6/4,220,January 17 1982,us,14,Marquette University
11,Dion Waiters\waitedi01,SG,6/4,225,December 10 1991,us,5,Syracuse University
14,Derrick Walton\waltode01,PG,6/1,189,April 3 1995,us,R,University of Michigan
15,Okaro White\whiteok01,PF,6/8,204,August 13 1992,us,1,Florida State University
21,Hassan Whiteside\whiteha01,C,7/1,265,June 13 1989,us,5,Marshall University
12,Matt Williams\willima05,SG,6/5,210,October 14 1993,us,R,University of Central Florida
20,Justise Winslow\winslju01,PF,6/7,225,March 26 1996,us,2,Duke University
3,Bradley Beal\bealbr01,SG,6/5,207,June 28 1993,us,5,University of Florida
8,Tim Frazier\fraziti01,PG,6/1,170,November 1 1990,us,3,Pennsylvania State University
13,Marcin Gortat\gortama01,C,6/11,240,February 17 1984,pl,10,
28,Ian Mahinmi\mahinia01,C,6/11,250,November 5 1986,fr,9,
1,Chris McCullough\mcculch01,PF,6/11,200,February 5 1995,us,2,Syracuse University
20,Jodie Meeks\meeksjo01,SG,6/4,210,August 21 1987,us,8,University of Kentucky
5,Markieff Morris\morrima02,PF,6/10,245,September 2 1989,us,6,University of Kansas
12,Kelly Oubre\oubreke01,SF,6/7,205,December 9 1995,us,2,University of Kansas
22,Otto Porter\porteot01,SF,6/8,198,June 3 1993,us,4,Georgetown University
7,Devin Robinson\robinde01,SF,6/8,190,March 7 1995,us,R,University of Florida
31,Tomas Satoransky\satorto01,SG,6/7,210,October 30 1991,cz,1,
30,Mike Scott\scottmi01,PF,6/8,237,July 16 1988,us,5,University of Virginia
9,Ramon Sessions\sessira01,PG,6/3,190,April 11 1986,us,10,University of Nevada Reno
14,Jason Smith\smithja02,C,7/1,245,March 2 1986,us,9,Colorado State University
2,John Wall\walljo01,PG,6/4,195,September 6 1990,us,7,University of Kentucky
7,Dwayne Bacon\bacondw01,SG,6/6,222,August 30 1995,us,R,Florida State University
5,Nicolas Batum\batumni01,SG,6/8,200,December 14 1988,fr,9,
10,Michael Carter-Williams\cartemi01,PG,6/6,190,October 10 1991,us,4,Syracuse University
21,Treveon Graham\grahatr01,SG,6/6,220,October 29 1993,us,1,Virginia Commonwealth University
41,Willy Hernangomez\hernawi01,C,6/11,240,May 27 1994,es,1,
12,Dwight Howard\howardw01,C,6/11,265,December 8 1985,us,13,
44,Frank Kaminsky\kaminfr01,PF,7/1,242,April 4 1993,us,2,University of Wisconsin
14,Michael Kidd-Gilchrist\kiddgmi01,SF,6/7,232,September 26 1993,us,5,University of Kentucky
3,Jeremy Lamb\lambje01,SG,6/5,185,May 30 1992,us,5,University of Connecticut
9,Mangok Mathiang\mathima01,C,6/10,230,October 8 1992,au,R,University of Louisville
1,Malik Monk\monkma01,SG,6/3,200,February 4 1998,us,R,University of Kentucky
8,Johnny O'Bryant\obryajo01,PF,6/9,257,June 1 1993,us,3,Louisiana State University
4,Marcus Paige\paigema01,PG,6/1,175,September 11 1993,us,R,University of North Carolina
32,Julyan Stone\stoneju01,SG,6/6,200,December 7 1988,us,3,University of Texas at El Paso
15,Kemba Walker\walkeke02,PG,6/1,172,May 8 1990,us,6,University of Connecticut
2,Marvin Williams\willima02,PF,6/9,237,June 19 1986,us,12,University of North Carolina
40,Cody Zeller\zelleco01,C,7/1,240,October 5 1992,us,4,Indiana University
4,Arron Afflalo\afflaar01,SG,6/5,210,October 15 1985,us,10,University of California Los Angeles
0,Jamel Artis\artisja01,SG,6/7,213,January 12 1993,us,R,University of Pittsburgh
14,D.J. Augustin\augusdj01,PG,6/1,183,November 10 1987,us,9,University of Texas at Austin
24,Khem Birch\birchkh01,C,6/9,220,September 28 1992,ca,R,University of Pittsburgh University of Nevada Las Vegas
11,Bismack Biyombo\biyombi01,C,6/9,255,August 28 1992,cd,6,
10,Evan Fournier\fournev01,SF,6/7,205,October 29 1992,fr,5,
0,Aaron Gordon\gordoaa01,PF,6/9,220,September 16 1995,us,3,University of Arizona
8,Mario Hezonja\hezonma01,SF,6/8,215,February 25 1995,hr,2,
1,Jonathan Isaac\isaacjo01,PF,6/10,210,October 3 1997,us,R,Florida State University
25,Wesley Iwundu\iwundwe01,SF,6/7,193,December 20 1994,us,R,Kansas State University
7,Shelvin Mack\macksh01,PG,6/3,203,April 22 1990,us,6,Butler University
33,Adreian Payne\paynead01,PF,6/10,237,February 19 1991,us,3,Michigan State University
2,Elfrid Payton\paytoel01,PG,6/4,185,February 22 1994,us,3,University of Louisiana at Lafayette
15,Rodney Purvis\purviro01,SG,6/4,205,February 14 1994,us,R,University of Connecticut
31,Terrence Ross\rosste01,SG,6/7,206,February 5 1991,us,5,University of Washington
17,Jonathon Simmons\simmojo02,SG,6/6,195,September 14 1989,us,2,University of Houston
5,Marreese Speights\speigma01,C,6/10,255,August 4 1987,us,9,University of Florida
20,Rashad Vaughn\vaughra01,SG,6/6,202,August 16 1996,us,2,University of Nevada Las Vegas
9,Nikola Vucevic\vucevni01,C,7/1,260,October 24 1990,ch,6,University of Southern California
33,Ryan Anderson\anderry01,PF,6/10,240,May 6 1988,us,9,University of California
1,Trevor Ariza\arizatr01,SF,6/8,215,June 30 1985,us,13,University of California Los Angeles
28,Tarik Black\blackta01,C,6/9,250,November 22 1991,us,3,University of Memphis University of Kansas
6,Bobby Brown\brownbo02,PG,6/2,175,September 24 1984,us,3,California State University Fullerton
26,Markel Brown\brownma02,SG,6/3,190,January 29 1992,us,2,Oklahoma State University
98,Isaiah Canaan\canaais01,SG,6/1,201,May 21 1991,us,4,Murray State University
15,Clint Capela\capelca01,C,6/10,240,May 18 1994,ch,3,
10,Eric Gordon\gordoer01,SG,6/4,215,December 25 1988,us,9,Indiana University
14,Gerald Green\greenge01,SG,6/7,205,January 26 1986,us,10,
13,James Harden\hardeja01,SG,6/5,220,August 26 1989,us,8,Arizona State University
42,Nene Hilario\hilarne01,C,6/11,250,September 13 1982,br,15,
2,R.J. Hunter\hunterj01,SG,6/5,185,October 24 1993,us,2,Georgia State University
5,Aaron Jackson\jacksaa01,PG,6/4,185,May 6 1986,us,R,Duquesne University
2,Demetrius Jackson\jacksde01,PG,6/1,201,September 7 1994,us,1,University of Notre Dame
7,Joe Johnson\johnsjo02,SF,6/7,240,June 29 1981,us,16,University of Arkansas
12,Luc Mbah a Moute\mbahalu01,PF,6/8,230,September 9 1986,cm,9,University of California Los Angeles
21,Chinanu Onuaku\onuakch01,C,6/10,245,November 1 1996,us,1,University of Louisville
3,Chris Paul\paulch01,PG,6/1,175,May 6 1985,us,12,Wake Forest University
9,Zhou Qi\qizh01,C,7/1,210,January 16 1996,cn,R,
55,Tim Quarterman\quartti01,SG,6/6,195,October 27 1994,us,1,Louisiana State University
4,P.J. Tucker\tuckepj01,PF,6/6,245,May 5 1985,us,6,University of Texas at Austin
0,Briante Weber\weberbr01,PG,6/2,165,December 29 1992,us,2,Virginia Commonwealth University
5,Troy Williams\willitr02,SF,6/7,218,December 30 1994,us,1,Indiana University
32,Brandan Wright\wrighbr03,PF,6/10,210,October 5 1987,us,9,University of North Carolina
24,Tony Allen\allento01,SF,6/4,213,January 11 1982,us,13,Butler County Community College Oklahoma State University
3,Omer Asik\asikom01,C,7/1,255,July 4 1986,tr,7,
2,Ian Clark\clarkia01,SG,6/3,175,March 7 1991,us,4,Belmont University
4,Charles Cooke\cookech01,SG,6/5,196,July 1 1994,us,R,University of Dayton
0,DeMarcus Cousins\couside01,C,6/11,270,August 13 1990,us,7,University of Kentucky
27,Jordan Crawford\crawfjo02,SG,6/4,195,October 23 1988,us,5,Indiana University Xavier University
33,Dante Cunningham\cunnida01,SF,6/8,230,April 22 1987,us,8,Villanova University
23,Anthony Davis\davisan02,PF,6/10,253,March 11 1993,us,5,University of Kentucky
13,Cheick Diallo\diallch01,PF,6/9,220,September 13 1996,ml,1,University of Kansas
1,Larry Drew\drewla02,PG,6/2,180,March 5 1990,us,1,University of North Carolina University of California Los Angeles
44,Solomon Hill\hillso01,SF,6/7,225,March 18 1991,us,4,University of Arizona
11,Jrue Holiday\holidjr01,SG,6/4,205,June 12 1990,us,8,University of California Los Angeles
5,Mike James\jamesmi02,PG,6/1,189,August 18 1990,us,R,Lamar University
12,Jalen Jones\jonesja04,SF,6/7,223,May 27 1993,us,R,Texas A&M University
25,Walt Lemon Jr.\lemonwa01,PG,6/3,180,July 26 1992,us,R,Bradley University
34,DeAndre Liggins\liggide01,SG,6/6,209,March 31 1988,us,4,University of Kentucky
21,Darius Miller\milleda01,SF,6/8,235,March 21 1990,us,3,University of Kentucky
3,Nikola Mirotic\mirotni01,PF,6/10,220,February 11 1991,me,3,
55,E'Twaun Moore\mooreet01,SG,6/4,191,February 28 1989,us,6,Purdue University
14,Jameer Nelson\nelsoja01,PG,6/1,190,February 9 1982,us,13,Saint Joseph's University
50,Emeka Okafor\okafoem01,C,6/10,252,September 28 1982,us,9,University of Connecticut
9,Rajon Rondo\rondora01,PG,6/1,186,February 22 1986,us,11,University of Kentucky
5,Josh Smith\smithjo03,PF,6/9,225,December 5 1985,us,12,
12,LaMarcus Aldridge\aldrila01,C,6/11,260,July 19 1985,us,11,University of Texas at Austin
1,Kyle Anderson\anderky01,SF,6/9,230,September 20 1993,us,3,University of California Los Angeles
42,Davis Bertans\bertada01,PF,6/10,210,November 12 1992,lv,1,
10,Matt Costello\costema01,C,6/9,245,August 5 1993,us,R,Michigan State University
11,Bryn Forbes\forbebr01,SG,6/3,190,July 23 1993,us,1,Michigan State University
16,Pau Gasol\gasolpa01,C,7/1,250,July 6 1980,es,16,
22,Rudy Gay\gayru01,PF,6/8,230,August 17 1986,us,11,University of Connecticut
20,Manu Ginobili\ginobma01,SG,6/6,205,July 28 1977,ar,15,
14,Danny Green\greenda02,SG,6/6,215,June 22 1987,us,8,University of North Carolina
24,Darrun Hilliard\hillida01,SG,6/6,205,April 13 1993,us,2,Villanova University
77,Joffrey Lauvergne\lauvejo01,C,6/11,220,September 30 1991,fr,3,
2,Kawhi Leonard\leonaka01,SF,6/7,230,June 29 1991,us,6,San Diego State University
8,Patty Mills\millspa02,PG,6/1,185,August 11 1988,au,8,Saint Mary's College of California
5,Dejounte Murray\murrade01,PG,6/5,170,September 19 1996,us,1,University of Washington
9,Tony Parker\parketo01,PG,6/2,185,May 17 1982,be,16,
3,Brandon Paul\paulbr01,SG,6/4,200,April 30 1991,us,R,University of Illinois at Urbana-Champaign
4,Derrick White\whitede01,PG,6/5,190,July 2 1994,us,R,University of Colorado
5,J.J. Barea\bareajo01,PG,6/1,185,June 26 1984,pr,11,Northeastern University
40,Harrison Barnes\barneha02,PF,6/8,210,May 30 1992,us,5,University of North Carolina
8,Gian Clavell\clavegi01,SG,6/4,185,November 26 1993,pr,R,Colorado State University
,Antonius Cleveland\clevean01,SG,6/6,195,February 2 1994,us,R,Southeast Missouri State University
8,Kyle Collinsworth\colliky01,SF,6/6,210,October 3 1991,us,R,Brigham Young University
11,Yogi Ferrell\ferreyo01,SG,6/1,180,May 9 1993,us,1,Indiana University
10,Dorian Finney-Smith\finnedo01,PF,6/8,220,May 4 1993,us,1,University of Florida
34,Devin Harris\harride01,PG,6/3,192,February 27 1983,us,13,University of Wisconsin
9,Aaron Harrison\harriaa01,SG,6/6,210,October 28 1994,us,2,University of Kentucky
32,Scotty Hopson\hopsosc01,SG,6/7,204,August 8 1989,us,1,University of Tennessee
21,Jalen Jones\jonesja04,SF,6/7,223,May 27 1993,us,R,Texas A&M University
42,Maxi Kleber\klebima01,PF,6/10,220,January 29 1992,de,R,
23,Wesley Matthews\matthwe02,SF,6/5,220,October 14 1986,us,8,Marquette University
20,Doug McDermott\mcderdo01,SF,6/8,225,January 3 1992,us,3,Creighton University
13,Josh McRoberts\mcrobjo01,PF,6/10,240,February 28 1987,us,10,Duke University
50,Salah Mejri\mejrisa01,C,7/1,245,June 15 1986,tn,2,
6,Johnathan Motley\motlejo01,PF,6/9,238,May 4 1995,us,R,Baylor University
3,Nerlens Noel\noelne01,C,6/11,228,April 10 1994,us,3,University of Kentucky
41,Dirk Nowitzki\nowitdi01,C,7/1,245,June 19 1978,de,19,
7,Dwight Powell\poweldw01,C,6/11,240,July 20 1991,ca,3,Stanford University
1,Dennis Smith\smithde03,PG,6/3,195,November 25 1997,us,R,North Carolina State University
0,Jameel Warney\warneja01,PF,6/8,260,January 31 1994,us,R,Stony Brook University
17,Jeff Withey\witheje01,C,7/1,231,March 7 1990,us,4,University of Kansas
24,Dillon Brooks\brookdi01,SF,6/6,220,January 22 1996,ca,R,University of Oregon
8,MarShon Brooks\brookma01,SG,6/5,200,January 26 1989,us,3,Providence College
6,Mario Chalmers\chalmma01,PG,6/2,190,May 19 1986,us,8,University of Kansas
11,Mike Conley\conlemi01,PG,6/1,175,October 11 1987,us,10,Ohio State University
21,Deyonta Davis\davisde01,C,6/11,237,December 2 1996,us,1,Michigan State University
8,James Ennis\ennisja01,SF,6/7,210,July 1 1990,us,3,California State University Long Beach
12,Tyreke Evans\evansty01,PG,6/6,220,September 19 1989,us,8,University of Memphis
33,Marc Gasol\gasolma01,C,7/1,255,January 29 1985,es,9,
0,JaMychal Green\greenja01,PF,6/9,227,June 21 1990,us,3,University of Alabama
5,Andrew Harrison\harrian01,PG,6/6,213,October 28 1994,us,1,University of Kentucky
4,Myke Henry\henrymy01,SF,6/6,210,December 23 1992,us,R,DePaul University
32,Vince Hunter\huntevi01,PF,6/8,208,August 5 1994,us,R,University of Texas at El Paso
14,Brice Johnson\johnsbr02,PF,6/10,230,June 27 1994,us,1,University of North Carolina
14,Omari Johnson\johnsom01,PF,6/9,220,November 26 1989,jm,R,Oregon State University
1,Jarell Martin\martija01,PF,6/10,239,May 24 1994,us,2,Louisiana State University
23,Ben McLemore\mclembe01,SG,6/5,195,February 11 1993,us,4,University of Kansas
25,Chandler Parsons\parsoch01,SF,6/10,230,October 25 1988,us,6,University of Florida
10,Ivan Rabb\rabbiv01,PF,6/10,220,February 4 1997,us,R,University of California
22,Xavier Rathan-Mayes\rathaxa01,SG,6/4,208,April 29 1994,ca,R,Florida State University
7,Wayne Selden\seldewa01,SG,6/5,230,September 30 1994,us,1,University of Kansas
2,Kobi Simmons\simmoko01,PG,6/5,166,July 4 1997,us,R,University of Arizona
20,Marquis Teague\teaguma01,PG,6/2,189,February 28 1993,us,2,University of Kentucky
3,Briante Weber\weberbr01,PG,6/2,165,December 29 1992,us,2,Virginia Commonwealth University
34,Brandan Wright\wrighbr03,PF,6/10,210,October 5 1987,us,9,University of North Carolina